sentence_id,audio_file_name,audio_absolute_path,audio_created_at,current_english_sentence,current_persian_translation,stored_audio_source_text,historical_source_text,evidence_method,historical_candidate_count,snapshot_commit,snapshot_created_at,snapshot_delay_minutes,local_sentence_url,priority,review_status,qa_score
193,s__193__sentence_en_meaning_fa__1770435175766.mp3,/Users/seyedbehrangkaboudi/Personal-Local/Projects/NextJS/Anki/public/audio/sentences/s__193__sentence_en_meaning_fa__1770435175766.mp3,2026-02-07T03:32:55.766Z,She found a shell in the wet sand.,او یک صدف در شن خیس پیدا کرد.,او یک صدف در شن خیس پیدا کرد.,,,3,f950377b3,2026-02-07T05:07:36.025Z,94.7,http://localhost:3000/words/tables/sentences?ids=193,3,unresolved_historical_source,9
275,s__275__sentence_en_meaning_fa__1770435185457.mp3,/Users/seyedbehrangkaboudi/Personal-Local/Projects/NextJS/Anki/public/audio/sentences/s__275__sentence_en_meaning_fa__1770435185457.mp3,2026-02-07T03:33:05.457Z,She put her coat in the wardrobe.,او کت خود را در کمد لباس گذاشت.,او کت خود را در کمد لباس گذاشت.,,,0,f950377b3,2026-02-07T05:07:36.025Z,94.5,http://localhost:3000/words/tables/sentences?ids=275,3,unresolved_historical_source,9
406,s__406__sentence_en_meaning_fa__1770435200848.mp3,/Users/seyedbehrangkaboudi/Personal-Local/Projects/NextJS/Anki/public/audio/sentences/s__406__sentence_en_meaning_fa__1770435200848.mp3,2026-02-07T03:33:20.848Z,He pulled the blanket over his shoulders.,او پتو را روی شانه هایش کشید.,او پتو را روی شانه هایش کشید.,,,0,f950377b3,2026-02-07T05:07:36.025Z,94.3,http://localhost:3000/words/tables/sentences?ids=406,3,unresolved_historical_source,9
720,s__720__sentence_en_meaning_fa__1770435240554.mp3,/Users/seyedbehrangkaboudi/Personal-Local/Projects/NextJS/Anki/public/audio/sentences/s__720__sentence_en_meaning_fa__1770435240554.mp3,2026-02-07T03:34:00.554Z,The coffee shop is across the street.,کافی شاپ آن طرف خیابان است.,کافی شاپ آن طرف خیابان است.,,,0,f950377b3,2026-02-07T05:07:36.025Z,93.6,http://localhost:3000/words/tables/sentences?ids=720,3,unresolved_historical_source,9
776,s__776__sentence_en_meaning_fa__1770435247693.mp3,/Users/seyedbehrangkaboudi/Personal-Local/Projects/NextJS/Anki/public/audio/sentences/s__776__sentence_en_meaning_fa__1770435247693.mp3,2026-02-07T03:34:07.693Z,The pharmacy closes at nine tonight.,داروخانه امشب ساعت نه بسته می شود.,داروخانه امشب ساعت نه بسته می شود.,,,0,f950377b3,2026-02-07T05:07:36.025Z,93.5,http://localhost:3000/words/tables/sentences?ids=776,3,unresolved_historical_source,9
851,s__851__sentence_en_meaning_fa__1770435257153.mp3,/Users/seyedbehrangkaboudi/Personal-Local/Projects/NextJS/Anki/public/audio/sentences/s__851__sentence_en_meaning_fa__1770435257153.mp3,2026-02-07T03:34:17.153Z,We crossed the desert with extra water and snacks.,ما از بیابان با آب و خوراکیِ اضافه عبور کردیم.,ما از بیابان با آب و خوراکیِ اضافه عبور کردیم.,,,2,f950377b3,2026-02-07T05:07:36.025Z,93.3,http://localhost:3000/words/tables/sentences?ids=851,3,unresolved_historical_source,9
907,s__907__sentence_en_meaning_fa__1770435264090.mp3,/Users/seyedbehrangkaboudi/Personal-Local/Projects/NextJS/Anki/public/audio/sentences/s__907__sentence_en_meaning_fa__1770435264090.mp3,2026-02-07T03:34:24.090Z,The goat lowered its horn and backed away.,بز شاخش را پایین آورد و عقب رفت.,بز شاخش را پایین آورد و عقب رفت.,,,2,f950377b3,2026-02-07T05:07:36.025Z,93.2,http://localhost:3000/words/tables/sentences?ids=907,3,unresolved_historical_source,9
1012,s__1012__sentence_en_meaning_fa__1770435277303.mp3,/Users/seyedbehrangkaboudi/Personal-Local/Projects/NextJS/Anki/public/audio/sentences/s__1012__sentence_en_meaning_fa__1770435277303.mp3,2026-02-07T03:34:37.303Z,We cut up a melon and put it in the fridge.,ما یک خربزه را خرد کردیم و داخل یخچال گذاشتیم.,ما یک خربزه را خرد کردیم و داخل یخچال گذاشتیم.,,,2,f950377b3,2026-02-07T05:07:36.025Z,93,http://localhost:3000/words/tables/sentences?ids=1012,3,unresolved_historical_source,9
1047,s__1047__sentence_en_meaning_fa__1770435281978.mp3,/Users/seyedbehrangkaboudi/Personal-Local/Projects/NextJS/Anki/public/audio/sentences/s__1047__sentence_en_meaning_fa__1770435281978.mp3,2026-02-07T03:34:41.978Z,We saw a donkey on a farm tour.,ما در یک تور مزرعه یک خر دیدیم.,ما در یک تور مزرعه یک خر دیدیم.,,,2,f950377b3,2026-02-07T05:07:36.025Z,92.9,http://localhost:3000/words/tables/sentences?ids=1047,3,unresolved_historical_source,9
1113,s__1113__sentence_en_meaning_fa__1770435291133.mp3,/Users/seyedbehrangkaboudi/Personal-Local/Projects/NextJS/Anki/public/audio/sentences/s__1113__sentence_en_meaning_fa__1770435291133.mp3,2026-02-07T03:34:51.133Z,We saw an octopus hiding in a tank at the aquarium.,ما یک اختاپوس را دیدیم که در یک مخزن در آکواریوم پنهان شده بود.,ما یک اختاپوس را دیدیم که در یک مخزن در آکواریوم پنهان شده بود.,,,2,f950377b3,2026-02-07T05:07:36.025Z,92.7,http://localhost:3000/words/tables/sentences?ids=1113,3,unresolved_historical_source,9
1189,s__1189__sentence_en_meaning_fa__1773722577444.mp3,/Users/seyedbehrangkaboudi/Personal-Local/Projects/NextJS/Anki/public/audio/sentences/s__1189__sentence_en_meaning_fa__1773722577444.mp3,2026-03-17T04:42:57.444Z,My phone rang during the meeting.,آیفون من در طول جلسه زنگ خورد.,آیفون من در طول جلسه زنگ خورد.,,,2,6ecfc4dff,2026-03-18T18:19:05.842Z,2256.1,http://localhost:3000/words/tables/sentences?ids=1189,3,unresolved_historical_source,9
1270,s__1270__sentence_en_meaning_fa__1773722642473.mp3,/Users/seyedbehrangkaboudi/Personal-Local/Projects/NextJS/Anki/public/audio/sentences/s__1270__sentence_en_meaning_fa__1773722642473.mp3,2026-03-17T04:44:02.473Z,She added fresh garlic to the pasta sauce.,او سیر تازه به سس پاستا اضافه کرد.,او سیر تازه به سس پاستا اضافه کرد.,,,0,6ecfc4dff,2026-03-18T18:19:05.842Z,2255.1,http://localhost:3000/words/tables/sentences?ids=1270,3,unresolved_historical_source,9
1804,s__1804__sentence_en_meaning_fa__1775591799842.mp3,/Users/seyedbehrangkaboudi/Personal-Local/Projects/NextJS/Anki/public/audio/sentences/s__1804__sentence_en_meaning_fa__1775591799842.mp3,2026-04-07T19:56:39.842Z,I look forward to the weekend after a long week.,من بعد از یک هفتهٔ طولانی بی صبرانه در انتظار چیزی بودن آخر هفته هستم.,من بعد از یک هفتهٔ طولانی بی صبرانه در انتظار چیزی بودن آخر هفته هستم.,,,0,e5b094cac,2026-04-07T20:40:58.735Z,44.3,http://localhost:3000/words/tables/sentences?ids=1804,3,unresolved_historical_source,9
1805,s__1805__sentence_en_meaning_fa__1775591800633.mp3,/Users/seyedbehrangkaboudi/Personal-Local/Projects/NextJS/Anki/public/audio/sentences/s__1805__sentence_en_meaning_fa__1775591800633.mp3,2026-04-07T19:56:40.633Z,They mocked him for his unusual outfit at the party.,آن‌ها او را به خاطر لباس عجیبش در مهمانی مسخره کردن کردند.,آن‌ها او را به خاطر لباس عجیبش در مهمانی مسخره کردن کردند.,,,0,e5b094cac,2026-04-07T20:40:58.735Z,44.3,http://localhost:3000/words/tables/sentences?ids=1805,3,unresolved_historical_source,9
1806,s__1806__sentence_en_meaning_fa__1775591801119.mp3,/Users/seyedbehrangkaboudi/Personal-Local/Projects/NextJS/Anki/public/audio/sentences/s__1806__sentence_en_meaning_fa__1775591801119.mp3,2026-04-07T19:56:41.119Z,The kitchen was a complete mess after cooking dinner.,آشپزخانه بعد از پخت شام کاملاً به هم ریختگی بود.,آشپزخانه بعد از پخت شام کاملاً به هم ریختگی بود.,,,0,e5b094cac,2026-04-07T20:40:58.735Z,44.3,http://localhost:3000/words/tables/sentences?ids=1806,3,unresolved_historical_source,9
1807,s__1807__sentence_en_meaning_fa__1775591801816.mp3,/Users/seyedbehrangkaboudi/Personal-Local/Projects/NextJS/Anki/public/audio/sentences/s__1807__sentence_en_meaning_fa__1775591801816.mp3,2026-04-07T19:56:41.816Z,I'll ask around to see if anyone knows a good mechanic.,من پرس وجو کردن می‌کنم تا ببینم کسی مکانیک خوبی می‌شناسد یا نه.,من پرس وجو کردن می‌کنم تا ببینم کسی مکانیک خوبی می‌شناسد یا نه.,,,0,e5b094cac,2026-04-07T20:40:58.735Z,44.3,http://localhost:3000/words/tables/sentences?ids=1807,3,unresolved_historical_source,9
1808,s__1808__sentence_en_meaning_fa__1775591802370.mp3,/Users/seyedbehrangkaboudi/Personal-Local/Projects/NextJS/Anki/public/audio/sentences/s__1808__sentence_en_meaning_fa__1775591802370.mp3,2026-04-07T19:56:42.370Z,She asked her coworkers round for dinner on Friday.,او همکارانش را برای شام جمعه به خانه خود دعوت کردن کرد.,او همکارانش را برای شام جمعه به خانه خود دعوت کردن کرد.,,,0,e5b094cac,2026-04-07T20:40:58.735Z,44.3,http://localhost:3000/words/tables/sentences?ids=1808,3,unresolved_historical_source,9
1809,s__1809__sentence_en_meaning_fa__1775591802893.mp3,/Users/seyedbehrangkaboudi/Personal-Local/Projects/NextJS/Anki/public/audio/sentences/s__1809__sentence_en_meaning_fa__1775591802893.mp3,2026-04-07T19:56:42.893Z,He finally asked her out after weeks of talking.,او بالاخره بعد از هفته‌ها صحبت او را به قرار عاشقانه دعوت کردن کرد.,او بالاخره بعد از هفته‌ها صحبت او را به قرار عاشقانه دعوت کردن کرد.,,,0,e5b094cac,2026-04-07T20:40:58.735Z,44.3,http://localhost:3000/words/tables/sentences?ids=1809,3,unresolved_historical_source,9
1810,s__1810__sentence_en_meaning_fa__1775591803489.mp3,/Users/seyedbehrangkaboudi/Personal-Local/Projects/NextJS/Anki/public/audio/sentences/s__1810__sentence_en_meaning_fa__1775591803489.mp3,2026-04-07T19:56:43.489Z,A strange smell emanated from the old refrigerator.,یک بوی عجیب از یخچال قدیمی ساطع شدن کرد.,یک بوی عجیب از یخچال قدیمی ساطع شدن کرد.,,,0,e5b094cac,2026-04-07T20:40:58.735Z,44.3,http://localhost:3000/words/tables/sentences?ids=1810,3,unresolved_historical_source,9
1811,s__1811__sentence_en_meaning_fa__1775591803889.mp3,/Users/seyedbehrangkaboudi/Personal-Local/Projects/NextJS/Anki/public/audio/sentences/s__1811__sentence_en_meaning_fa__1775591803889.mp3,2026-04-07T19:56:43.889Z,They bought ten acres of land outside the city.,آن‌ها ده جریب زمین در خارج از شهر خریدند.,آن‌ها ده جریب زمین در خارج از شهر خریدند.,,,0,e5b094cac,2026-04-07T20:40:58.735Z,44.2,http://localhost:3000/words/tables/sentences?ids=1811,3,unresolved_historical_source,9
1812,s__1812__sentence_en_meaning_fa__1775591804550.mp3,/Users/seyedbehrangkaboudi/Personal-Local/Projects/NextJS/Anki/public/audio/sentences/s__1812__sentence_en_meaning_fa__1775591804550.mp3,2026-04-07T19:56:44.550Z,We need to discuss the plan before making a decision.,ما باید قبل از تصمیم‌گیری دربارهٔ طرح بحث کردن درباره کنیم.,ما باید قبل از تصمیم‌گیری دربارهٔ طرح بحث کردن درباره کنیم.,,,0,e5b094cac,2026-04-07T20:40:58.735Z,44.2,http://localhost:3000/words/tables/sentences?ids=1812,3,unresolved_historical_source,9
1813,s__1813__sentence_en_meaning_fa__1775591805099.mp3,/Users/seyedbehrangkaboudi/Personal-Local/Projects/NextJS/Anki/public/audio/sentences/s__1813__sentence_en_meaning_fa__1775591805099.mp3,2026-04-07T19:56:45.099Z,He spread compost over the garden beds in spring.,او در بهار کود را روی بسترهای باغ پخش کرد.,او در بهار کود را روی بسترهای باغ پخش کرد.,,,0,e5b094cac,2026-04-07T20:40:58.735Z,44.2,http://localhost:3000/words/tables/sentences?ids=1813,3,unresolved_historical_source,9
1814,s__1814__sentence_en_meaning_fa__1775591805560.mp3,/Users/seyedbehrangkaboudi/Personal-Local/Projects/NextJS/Anki/public/audio/sentences/s__1814__sentence_en_meaning_fa__1775591805560.mp3,2026-04-07T19:56:45.560Z,The report delves into the causes of the issue.,گزارش به علل مسئله کاوش کردن می‌کند.,گزارش به علل مسئله کاوش کردن می‌کند.,,,0,e5b094cac,2026-04-07T20:40:58.735Z,44.2,http://localhost:3000/words/tables/sentences?ids=1814,3,unresolved_historical_source,9
1815,s__1815__sentence_en_meaning_fa__1775591805844.mp3,/Users/seyedbehrangkaboudi/Personal-Local/Projects/NextJS/Anki/public/audio/sentences/s__1815__sentence_en_meaning_fa__1775591805844.mp3,2026-04-07T19:56:45.844Z,She delved into the data to find useful patterns.,او داده‌ها را عمیق بررسی کردن کرد تا الگوهای مفید پیدا کند.,او داده‌ها را عمیق بررسی کردن کرد تا الگوهای مفید پیدا کند.,,,0,e5b094cac,2026-04-07T20:40:58.735Z,44.2,http://localhost:3000/words/tables/sentences?ids=1815,3,unresolved_historical_source,9
1817,s__1817__sentence_en_meaning_fa__1775591806900.mp3,/Users/seyedbehrangkaboudi/Personal-Local/Projects/NextJS/Anki/public/audio/sentences/s__1817__sentence_en_meaning_fa__1775591806900.mp3,2026-04-07T19:56:46.900Z,The university granted her a full scholarship.,دانشگاه به او یک بورسیهٔ کامل اعطا کردن کرد.,دانشگاه به او یک بورسیهٔ کامل اعطا کردن کرد.,,,0,e5b094cac,2026-04-07T20:40:58.735Z,44.2,http://localhost:3000/words/tables/sentences?ids=1817,3,unresolved_historical_source,9
1818,s__1818__sentence_en_meaning_fa__1775591807182.mp3,/Users/seyedbehrangkaboudi/Personal-Local/Projects/NextJS/Anki/public/audio/sentences/s__1818__sentence_en_meaning_fa__1775591807182.mp3,2026-04-07T19:56:47.182Z,I grant that your point makes sense in this case.,می‌پذیرم که نکتهٔ تو در این مورد منطقی است.,می‌پذیرم که نکتهٔ تو در این مورد منطقی است.,,,0,e5b094cac,2026-04-07T20:40:58.735Z,44.2,http://localhost:3000/words/tables/sentences?ids=1818,3,unresolved_historical_source,9
1819,s__1819__sentence_en_meaning_fa__1775591807547.mp3,/Users/seyedbehrangkaboudi/Personal-Local/Projects/NextJS/Anki/public/audio/sentences/s__1819__sentence_en_meaning_fa__1775591807547.mp3,2026-04-07T19:56:47.547Z,He received a grant to support his research project.,او یک کمک هزینه برای حمایت از پروژهٔ تحقیقاتی خود دریافت کرد.,او یک کمک هزینه برای حمایت از پروژهٔ تحقیقاتی خود دریافت کرد.,,,0,e5b094cac,2026-04-07T20:40:58.735Z,44.2,http://localhost:3000/words/tables/sentences?ids=1819,3,unresolved_historical_source,9
1820,s__1820__sentence_en_meaning_fa__1775591807918.mp3,/Users/seyedbehrangkaboudi/Personal-Local/Projects/NextJS/Anki/public/audio/sentences/s__1820__sentence_en_meaning_fa__1775591807918.mp3,2026-04-07T19:56:47.918Z,They compromised after hours of negotiation.,آن‌ها بعد از ساعت‌ها مذاکره سازش کردن کردند.,آن‌ها بعد از ساعت‌ها مذاکره سازش کردن کردند.,,,0,e5b094cac,2026-04-07T20:40:58.735Z,44.2,http://localhost:3000/words/tables/sentences?ids=1820,3,unresolved_historical_source,9
1821,s__1821__sentence_en_meaning_fa__1775591808390.mp3,/Users/seyedbehrangkaboudi/Personal-Local/Projects/NextJS/Anki/public/audio/sentences/s__1821__sentence_en_meaning_fa__1775591808390.mp3,2026-04-07T19:56:48.390Z,Sharing your password can compromise your account security.,به اشتراک گذاشتن رمز عبور می‌تواند امنیت حساب تو را به خطر انداختن کند.,به اشتراک گذاشتن رمز عبور می‌تواند امنیت حساب تو را به خطر انداختن کند.,,,0,e5b094cac,2026-04-07T20:40:58.735Z,44.2,http://localhost:3000/words/tables/sentences?ids=1821,3,unresolved_historical_source,9
1822,s__1822__sentence_en_meaning_fa__1775591808870.mp3,/Users/seyedbehrangkaboudi/Personal-Local/Projects/NextJS/Anki/public/audio/sentences/s__1822__sentence_en_meaning_fa__1775591808870.mp3,2026-04-07T19:56:48.870Z,Our homeroom meets every morning before classes begin.,کلاس درس ما هر صبح قبل از شروع کلاس‌ها برگزار می‌شود.,کلاس درس ما هر صبح قبل از شروع کلاس‌ها برگزار می‌شود.,,,0,e5b094cac,2026-04-07T20:40:58.735Z,44.2,http://localhost:3000/words/tables/sentences?ids=1822,3,unresolved_historical_source,9
1823,s__1823__sentence_en_meaning_fa__1775591809230.mp3,/Users/seyedbehrangkaboudi/Personal-Local/Projects/NextJS/Anki/public/audio/sentences/s__1823__sentence_en_meaning_fa__1775591809230.mp3,2026-04-07T19:56:49.230Z,The knife is dull and won't cut the vegetables properly.,چاقو کند است و سبزیجات را درست نمی‌بُرد.,چاقو کند است و سبزیجات را درست نمی‌بُرد.,,,0,e5b094cac,2026-04-07T20:40:58.735Z,44.2,http://localhost:3000/words/tables/sentences?ids=1823,3,unresolved_historical_source,9
1824,s__1824__sentence_en_meaning_fa__1775591809478.mp3,/Users/seyedbehrangkaboudi/Personal-Local/Projects/NextJS/Anki/public/audio/sentences/s__1824__sentence_en_meaning_fa__1775591809478.mp3,2026-04-07T19:56:49.478Z,She has an entrepreneurial mindset and starts new projects often.,او ذهنیتی کارآفرینانه دارد و اغلب پروژه‌های جدید شروع می‌کند.,او ذهنیتی کارآفرینانه دارد و اغلب پروژه‌های جدید شروع می‌کند.,,,0,e5b094cac,2026-04-07T20:40:58.735Z,44.2,http://localhost:3000/words/tables/sentences?ids=1824,3,unresolved_historical_source,9
1825,s__1825__sentence_en_meaning_fa__1775591809903.mp3,/Users/seyedbehrangkaboudi/Personal-Local/Projects/NextJS/Anki/public/audio/sentences/s__1825__sentence_en_meaning_fa__1775591809903.mp3,2026-04-07T19:56:49.903Z,He studied entrepreneurship to learn how to launch startups.,او کارآفرینی را برای یادگیری راه‌اندازی استارتاپ‌ها مطالعه کرد.,او کارآفرینی را برای یادگیری راه‌اندازی استارتاپ‌ها مطالعه کرد.,,,0,e5b094cac,2026-04-07T20:40:58.735Z,44.1,http://localhost:3000/words/tables/sentences?ids=1825,3,unresolved_historical_source,9
1826,s__1826__sentence_en_meaning_fa__1775591810296.mp3,/Users/seyedbehrangkaboudi/Personal-Local/Projects/NextJS/Anki/public/audio/sentences/s__1826__sentence_en_meaning_fa__1775591810296.mp3,2026-04-07T19:56:50.296Z,She traveled to Geneva for an international conference.,او برای یک کنفرانس بین‌المللی به ژنو سفر کرد.,او برای یک کنفرانس بین‌المللی به ژنو سفر کرد.,,,0,e5b094cac,2026-04-07T20:40:58.735Z,44.1,http://localhost:3000/words/tables/sentences?ids=1826,3,unresolved_historical_source,9
1827,s__1827__sentence_en_meaning_fa__1775591810651.mp3,/Users/seyedbehrangkaboudi/Personal-Local/Projects/NextJS/Anki/public/audio/sentences/s__1827__sentence_en_meaning_fa__1775591810651.mp3,2026-04-07T19:56:50.651Z,This tool is versatile and works for many different tasks.,این ابزار چندکاره است و برای وظایف مختلف کار می‌کند.,این ابزار چندکاره است و برای وظایف مختلف کار می‌کند.,,,0,e5b094cac,2026-04-07T20:40:58.735Z,44.1,http://localhost:3000/words/tables/sentences?ids=1827,3,unresolved_historical_source,9
1828,s__1828__sentence_en_meaning_fa__1775591810964.mp3,/Users/seyedbehrangkaboudi/Personal-Local/Projects/NextJS/Anki/public/audio/sentences/s__1828__sentence_en_meaning_fa__1775591810964.mp3,2026-04-07T19:56:50.964Z,The company has a cosmopolitan team from many countries.,شرکت یک تیم چندملیتی از کشورهای مختلف دارد.,شرکت یک تیم چندملیتی از کشورهای مختلف دارد.,,,0,e5b094cac,2026-04-07T20:40:58.735Z,44.1,http://localhost:3000/words/tables/sentences?ids=1828,3,unresolved_historical_source,9
1829,s__1829__sentence_en_meaning_fa__1775591811357.mp3,/Users/seyedbehrangkaboudi/Personal-Local/Projects/NextJS/Anki/public/audio/sentences/s__1829__sentence_en_meaning_fa__1775591811357.mp3,2026-04-07T19:56:51.357Z,Her outlook on life changed after the experience.,دیدگاه او نسبت به زندگی بعد از آن تجربه تغییر کرد.,دیدگاه او نسبت به زندگی بعد از آن تجربه تغییر کرد.,,,0,e5b094cac,2026-04-07T20:40:58.735Z,44.1,http://localhost:3000/words/tables/sentences?ids=1829,3,unresolved_historical_source,9
1830,s__1830__sentence_en_meaning_fa__1775591811644.mp3,/Users/seyedbehrangkaboudi/Personal-Local/Projects/NextJS/Anki/public/audio/sentences/s__1830__sentence_en_meaning_fa__1775591811644.mp3,2026-04-07T19:56:51.644Z,The economic outlook for next year seems uncertain.,چشم انداز اقتصادی برای سال آینده نامطمئن به نظر می‌رسد.,چشم انداز اقتصادی برای سال آینده نامطمئن به نظر می‌رسد.,,,0,e5b094cac,2026-04-07T20:40:58.735Z,44.1,http://localhost:3000/words/tables/sentences?ids=1830,3,unresolved_historical_source,9
1831,s__1831__sentence_en_meaning_fa__1775591811968.mp3,/Users/seyedbehrangkaboudi/Personal-Local/Projects/NextJS/Anki/public/audio/sentences/s__1831__sentence_en_meaning_fa__1775591811968.mp3,2026-04-07T19:56:51.968Z,The house has a beautiful outlook over the lake.,خانه منظرهٔ زیبایی به دریاچه دارد.,خانه منظرهٔ زیبایی به دریاچه دارد.,,,0,e5b094cac,2026-04-07T20:40:58.735Z,44.1,http://localhost:3000/words/tables/sentences?ids=1831,3,unresolved_historical_source,9
1833,s__1833__sentence_en_meaning_fa__1775591812571.mp3,/Users/seyedbehrangkaboudi/Personal-Local/Projects/NextJS/Anki/public/audio/sentences/s__1833__sentence_en_meaning_fa__1775591812571.mp3,2026-04-07T19:56:52.571Z,The child's development is closely monitored by doctors.,روند رشد کودک توسط پزشکان به‌دقت بررسی می‌شود.,روند رشد کودک توسط پزشکان به‌دقت بررسی می‌شود.,,,0,e5b094cac,2026-04-07T20:40:58.735Z,44.1,http://localhost:3000/words/tables/sentences?ids=1833,3,unresolved_historical_source,9
1834,s__1834__sentence_en_meaning_fa__1775591812879.mp3,/Users/seyedbehrangkaboudi/Personal-Local/Projects/NextJS/Anki/public/audio/sentences/s__1834__sentence_en_meaning_fa__1775591812879.mp3,2026-04-07T19:56:52.879Z,She laid a blanket across the back of the couch.,او یک پتو را روی پشتی مبل پهن کردن چیزی کرد.,او یک پتو را روی پشتی مبل پهن کردن چیزی کرد.,,,0,e5b094cac,2026-04-07T20:40:58.735Z,44.1,http://localhost:3000/words/tables/sentences?ids=1834,3,unresolved_historical_source,9
1835,s__1835__sentence_en_meaning_fa__1775591813222.mp3,/Users/seyedbehrangkaboudi/Personal-Local/Projects/NextJS/Anki/public/audio/sentences/s__1835__sentence_en_meaning_fa__1775591813222.mp3,2026-04-07T19:56:53.222Z,He wore a warm pullover on the chilly evening.,او در عصر سرد یک پلیور گرم پوشید.,او در عصر سرد یک پلیور گرم پوشید.,,,0,e5b094cac,2026-04-07T20:40:58.735Z,44.1,http://localhost:3000/words/tables/sentences?ids=1835,3,unresolved_historical_source,9
1836,s__1836__sentence_en_meaning_fa__1775591813581.mp3,/Users/seyedbehrangkaboudi/Personal-Local/Projects/NextJS/Anki/public/audio/sentences/s__1836__sentence_en_meaning_fa__1775591813581.mp3,2026-04-07T19:56:53.581Z,The officer asked him to pull over to the side of the road.,افسر از او خواست خودرو را به کنار زدن خودرو به کنار جاده ببرد.,افسر از او خواست خودرو را به کنار زدن خودرو به کنار جاده ببرد.,,,0,e5b094cac,2026-04-07T20:40:58.735Z,44.1,http://localhost:3000/words/tables/sentences?ids=1836,3,unresolved_historical_source,9
1837,s__1837__sentence_en_meaning_fa__1775591813891.mp3,/Users/seyedbehrangkaboudi/Personal-Local/Projects/NextJS/Anki/public/audio/sentences/s__1837__sentence_en_meaning_fa__1775591813891.mp3,2026-04-07T19:56:53.891Z,What does this word mean in English?,این کلمه در انگلیسی معنی دادن چیست؟,این کلمه در انگلیسی معنی دادن چیست؟,,,0,e5b094cac,2026-04-07T20:40:58.735Z,44.1,http://localhost:3000/words/tables/sentences?ids=1837,3,unresolved_historical_source,9
1839,s__1839__sentence_en_meaning_fa__1775591814449.mp3,/Users/seyedbehrangkaboudi/Personal-Local/Projects/NextJS/Anki/public/audio/sentences/s__1839__sentence_en_meaning_fa__1775591814449.mp3,2026-04-07T19:56:54.449Z,He was mean to his classmates during school.,او در مدرسه با همکلاسی‌هایش بدجنس بود.,او در مدرسه با همکلاسی‌هایش بدجنس بود.,,,0,e5b094cac,2026-04-07T20:40:58.735Z,44.1,http://localhost:3000/words/tables/sentences?ids=1839,3,unresolved_historical_source,9
1840,s__1840__sentence_en_meaning_fa__1775591814752.mp3,/Users/seyedbehrangkaboudi/Personal-Local/Projects/NextJS/Anki/public/audio/sentences/s__1840__sentence_en_meaning_fa__1775591814752.mp3,2026-04-07T19:56:54.752Z,The mean of these numbers is ten.,میانگین این اعداد ده است.,میانگین این اعداد ده است.,,,0,e5b094cac,2026-04-07T20:40:58.735Z,44.1,http://localhost:3000/words/tables/sentences?ids=1840,3,unresolved_historical_source,9
1841,s__1841__sentence_en_meaning_fa__1775591814985.mp3,/Users/seyedbehrangkaboudi/Personal-Local/Projects/NextJS/Anki/public/audio/sentences/s__1841__sentence_en_meaning_fa__1775591814985.mp3,2026-04-07T19:56:54.985Z,We came up against unexpected problems during the project.,ما در طول پروژه با مشکلات غیرمنتظره مواجه شدن با شدیم.,ما در طول پروژه با مشکلات غیرمنتظره مواجه شدن با شدیم.,,,0,e5b094cac,2026-04-07T20:40:58.735Z,44.1,http://localhost:3000/words/tables/sentences?ids=1841,3,unresolved_historical_source,9
1843,s__1843__sentence_en_meaning_fa__1775591815796.mp3,/Users/seyedbehrangkaboudi/Personal-Local/Projects/NextJS/Anki/public/audio/sentences/s__1843__sentence_en_meaning_fa__1775591815796.mp3,2026-04-07T19:56:55.796Z,Leaves blocked the drain outside the house.,برگ‌ها فاضلاب بیرون خانه را مسدود کردند.,برگ‌ها فاضلاب بیرون خانه را مسدود کردند.,,,0,e5b094cac,2026-04-07T20:40:58.735Z,44,http://localhost:3000/words/tables/sentences?ids=1843,3,unresolved_historical_source,9
1844,s__1844__sentence_en_meaning_fa__1775591816074.mp3,/Users/seyedbehrangkaboudi/Personal-Local/Projects/NextJS/Anki/public/audio/sentences/s__1844__sentence_en_meaning_fa__1775591816074.mp3,2026-04-07T19:56:56.074Z,He reluctantly relinquished control of the project.,او با بی‌میلی کنترل پروژه را واگذار کردن کرد.,او با بی‌میلی کنترل پروژه را واگذار کردن کرد.,,,0,e5b094cac,2026-04-07T20:40:58.735Z,44,http://localhost:3000/words/tables/sentences?ids=1844,3,unresolved_historical_source,9
1845,s__1845__sentence_en_meaning_fa__1775591816325.mp3,/Users/seyedbehrangkaboudi/Personal-Local/Projects/NextJS/Anki/public/audio/sentences/s__1845__sentence_en_meaning_fa__1775591816325.mp3,2026-04-07T19:56:56.325Z,She refused to relinquish her rights despite pressure.,او با وجود فشار از حقوقش دست کشیدن از نکرد.,او با وجود فشار از حقوقش دست کشیدن از نکرد.,,,0,e5b094cac,2026-04-07T20:40:58.735Z,44,http://localhost:3000/words/tables/sentences?ids=1845,3,unresolved_historical_source,9
1846,s__1846__sentence_en_meaning_fa__1775591816650.mp3,/Users/seyedbehrangkaboudi/Personal-Local/Projects/NextJS/Anki/public/audio/sentences/s__1846__sentence_en_meaning_fa__1775591816650.mp3,2026-04-07T19:56:56.650Z,She applied for a job at the new company.,او برای یک شغل در شرکت جدید درخواست دادن کرد.,او برای یک شغل در شرکت جدید درخواست دادن کرد.,,,0,e5b094cac,2026-04-07T20:40:58.735Z,44,http://localhost:3000/words/tables/sentences?ids=1846,3,unresolved_historical_source,9
1847,s__1847__sentence_en_meaning_fa__1775591816904.mp3,/Users/seyedbehrangkaboudi/Personal-Local/Projects/NextJS/Anki/public/audio/sentences/s__1847__sentence_en_meaning_fa__1775591816904.mp3,2026-04-07T19:56:56.904Z,You should apply this method to solve the problem.,تو باید این روش را برای حل مسئله استفاده کردن کنی.,تو باید این روش را برای حل مسئله استفاده کردن کنی.,,,0,e5b094cac,2026-04-07T20:40:58.735Z,44,http://localhost:3000/words/tables/sentences?ids=1847,3,unresolved_historical_source,9
1848,s__1848__sentence_en_meaning_fa__1775591817179.mp3,/Users/seyedbehrangkaboudi/Personal-Local/Projects/NextJS/Anki/public/audio/sentences/s__1848__sentence_en_meaning_fa__1775591817179.mp3,2026-04-07T19:56:57.179Z,Apply the new theme across all customer pages.,تم جدید را در تمام صفحه های مشتری اعمال کنید.,تم جدید را در تمام صفحه های مشتری اعمال کنید.,,,0,e5b094cac,2026-04-07T20:40:58.735Z,44,http://localhost:3000/words/tables/sentences?ids=1848,3,unresolved_historical_source,9
1849,s__1849__sentence_en_meaning_fa__1775591817629.mp3,/Users/seyedbehrangkaboudi/Personal-Local/Projects/NextJS/Anki/public/audio/sentences/s__1849__sentence_en_meaning_fa__1775591817629.mp3,2026-04-07T19:56:57.629Z,They netted off the swimming area to keep sharks away.,آن‌ها منطقهٔ شنا را با تور محصور کردن کردند تا کوسه‌ها را دور نگه دارند.,آن‌ها منطقهٔ شنا را با تور محصور کردن کردند تا کوسه‌ها را دور نگه دارند.,,,0,e5b094cac,2026-04-07T20:40:58.735Z,44,http://localhost:3000/words/tables/sentences?ids=1849,3,unresolved_historical_source,9
1850,s__1850__sentence_en_meaning_fa__1775591818063.mp3,/Users/seyedbehrangkaboudi/Personal-Local/Projects/NextJS/Anki/public/audio/sentences/s__1850__sentence_en_meaning_fa__1775591818063.mp3,2026-04-07T19:56:58.063Z,The fire blazed brightly in the fireplace.,آتش در شومینه به‌روشنی شعله کشیدن می‌کرد.,آتش در شومینه به‌روشنی شعله کشیدن می‌کرد.,,,0,e5b094cac,2026-04-07T20:40:58.735Z,44,http://localhost:3000/words/tables/sentences?ids=1850,3,unresolved_historical_source,9
1851,s__1851__sentence_en_meaning_fa__1775591818406.mp3,/Users/seyedbehrangkaboudi/Personal-Local/Projects/NextJS/Anki/public/audio/sentences/s__1851__sentence_en_meaning_fa__1775591818406.mp3,2026-04-07T19:56:58.406Z,Firefighters rushed to control the blaze downtown.,آتش‌نشانان برای کنترل آتش شدید در مرکز شهر شتافتند.,آتش‌نشانان برای کنترل آتش شدید در مرکز شهر شتافتند.,,,0,e5b094cac,2026-04-07T20:40:58.735Z,44,http://localhost:3000/words/tables/sentences?ids=1851,3,unresolved_historical_source,9
1852,s__1852__sentence_en_meaning_fa__1775591818741.mp3,/Users/seyedbehrangkaboudi/Personal-Local/Projects/NextJS/Anki/public/audio/sentences/s__1852__sentence_en_meaning_fa__1775591818741.mp3,2026-04-07T19:56:58.741Z,They blazed a trail through the forest for hikers.,آن‌ها مسیری را در جنگل برای کوهنوردان مسیر را علامت گذاری کردن کردند.,آن‌ها مسیری را در جنگل برای کوهنوردان مسیر را علامت گذاری کردن کردند.,,,0,e5b094cac,2026-04-07T20:40:58.735Z,44,http://localhost:3000/words/tables/sentences?ids=1852,3,unresolved_historical_source,9
1853,s__1853__sentence_en_meaning_fa__1775591819184.mp3,/Users/seyedbehrangkaboudi/Personal-Local/Projects/NextJS/Anki/public/audio/sentences/s__1853__sentence_en_meaning_fa__1775591819184.mp3,2026-04-07T19:56:59.184Z,Make sure the wheels are aligned before driving.,مطمئن شو چرخ‌ها قبل از رانندگی هم راستا کردن هستند.,مطمئن شو چرخ‌ها قبل از رانندگی هم راستا کردن هستند.,,,0,e5b094cac,2026-04-07T20:40:58.735Z,44,http://localhost:3000/words/tables/sentences?ids=1853,3,unresolved_historical_source,9
1854,s__1854__sentence_en_meaning_fa__1775591819486.mp3,/Users/seyedbehrangkaboudi/Personal-Local/Projects/NextJS/Anki/public/audio/sentences/s__1854__sentence_en_meaning_fa__1775591819486.mp3,2026-04-07T19:56:59.486Z,We need to align our goals before starting the project.,ما باید اهداف خود را قبل از شروع پروژه هماهنگ کردن کنیم.,ما باید اهداف خود را قبل از شروع پروژه هماهنگ کردن کنیم.,,,0,e5b094cac,2026-04-07T20:40:58.735Z,44,http://localhost:3000/words/tables/sentences?ids=1854,3,unresolved_historical_source,9
1855,s__1855__sentence_en_meaning_fa__1775591819792.mp3,/Users/seyedbehrangkaboudi/Personal-Local/Projects/NextJS/Anki/public/audio/sentences/s__1855__sentence_en_meaning_fa__1775591819792.mp3,2026-04-07T19:56:59.792Z,Their views align on most political issues.,دیدگاه‌های آن‌ها در بیشتر مسائل سیاسی هم نظر شدن است.,دیدگاه‌های آن‌ها در بیشتر مسائل سیاسی هم نظر شدن است.,,,0,e5b094cac,2026-04-07T20:40:58.735Z,44,http://localhost:3000/words/tables/sentences?ids=1855,3,unresolved_historical_source,9
1856,s__1856__sentence_en_meaning_fa__1775591820082.mp3,/Users/seyedbehrangkaboudi/Personal-Local/Projects/NextJS/Anki/public/audio/sentences/s__1856__sentence_en_meaning_fa__1775591820082.mp3,2026-04-07T19:57:00.082Z,Be careful not to fall on the wet floor.,مراقب باش روی کف خیس افتادن نکنی.,مراقب باش روی کف خیس افتادن نکنی.,,,0,e5b094cac,2026-04-07T20:40:58.735Z,44,http://localhost:3000/words/tables/sentences?ids=1856,3,unresolved_historical_source,9
1857,s__1857__sentence_en_meaning_fa__1775591820359.mp3,/Users/seyedbehrangkaboudi/Personal-Local/Projects/NextJS/Anki/public/audio/sentences/s__1857__sentence_en_meaning_fa__1775591820359.mp3,2026-04-07T19:57:00.359Z,The temperature will fall overnight.,دما در طول شب سقوط کردن خواهد کرد.,دما در طول شب سقوط کردن خواهد کرد.,,,0,e5b094cac,2026-04-07T20:40:58.735Z,44,http://localhost:3000/words/tables/sentences?ids=1857,3,unresolved_historical_source,9
1858,s__1858__sentence_en_meaning_fa__1775591820636.mp3,/Users/seyedbehrangkaboudi/Personal-Local/Projects/NextJS/Anki/public/audio/sentences/s__1858__sentence_en_meaning_fa__1775591820636.mp3,2026-04-07T19:57:00.636Z,Leaves turn colorful in the fall.,برگ‌ها در پاییز رنگارنگ می‌شوند.,برگ‌ها در پاییز رنگارنگ می‌شوند.,,,0,e5b094cac,2026-04-07T20:40:58.735Z,44,http://localhost:3000/words/tables/sentences?ids=1858,3,unresolved_historical_source,9
1859,s__1859__sentence_en_meaning_fa__1775591820915.mp3,/Users/seyedbehrangkaboudi/Personal-Local/Projects/NextJS/Anki/public/audio/sentences/s__1859__sentence_en_meaning_fa__1775591820915.mp3,2026-04-07T19:57:00.915Z,We hiked to see the beautiful fall in the mountains.,ما برای دیدن آبشار زیبا در کوه‌ها پیاده‌روی کردیم.,ما برای دیدن آبشار زیبا در کوه‌ها پیاده‌روی کردیم.,,,0,e5b094cac,2026-04-07T20:40:58.735Z,44,http://localhost:3000/words/tables/sentences?ids=1859,3,unresolved_historical_source,9
1860,s__1860__sentence_en_meaning_fa__1775591821190.mp3,/Users/seyedbehrangkaboudi/Personal-Local/Projects/NextJS/Anki/public/audio/sentences/s__1860__sentence_en_meaning_fa__1775591821190.mp3,2026-04-07T19:57:01.190Z,The desert stretches across a vast area.,بیابان در یک منطقهٔ وسیع گسترده شده است.,بیابان در یک منطقهٔ وسیع گسترده شده است.,,,0,e5b094cac,2026-04-07T20:40:58.735Z,44,http://localhost:3000/words/tables/sentences?ids=1860,3,unresolved_historical_source,9
1861,s__1861__sentence_en_meaning_fa__1775591821469.mp3,/Users/seyedbehrangkaboudi/Personal-Local/Projects/NextJS/Anki/public/audio/sentences/s__1861__sentence_en_meaning_fa__1775591821469.mp3,2026-04-07T19:57:01.469Z,They have a vast amount of data to analyze.,آن‌ها مقدار بسیار زیاد داده برای تحلیل دارند.,آن‌ها مقدار بسیار زیاد داده برای تحلیل دارند.,,,0,e5b094cac,2026-04-07T20:40:58.735Z,44,http://localhost:3000/words/tables/sentences?ids=1861,3,unresolved_historical_source,9
1862,s__1862__sentence_en_meaning_fa__1775591821762.mp3,/Users/seyedbehrangkaboudi/Personal-Local/Projects/NextJS/Anki/public/audio/sentences/s__1862__sentence_en_meaning_fa__1775591821762.mp3,2026-04-07T19:57:01.762Z,He made a treacherous move against his closest ally.,او یک حرکت خیانتکار علیه نزدیک‌ترین متحد خود انجام داد.,او یک حرکت خیانتکار علیه نزدیک‌ترین متحد خود انجام داد.,,,0,e5b094cac,2026-04-07T20:40:58.735Z,43.9,http://localhost:3000/words/tables/sentences?ids=1862,3,unresolved_historical_source,9
1863,s__1863__sentence_en_meaning_fa__1775591822079.mp3,/Users/seyedbehrangkaboudi/Personal-Local/Projects/NextJS/Anki/public/audio/sentences/s__1863__sentence_en_meaning_fa__1775591822079.mp3,2026-04-07T19:57:02.079Z,The icy road became treacherous during the storm.,جادهٔ یخی در طول طوفان خطرناک شد.,جادهٔ یخی در طول طوفان خطرناک شد.,,,0,e5b094cac,2026-04-07T20:40:58.735Z,43.9,http://localhost:3000/words/tables/sentences?ids=1863,3,unresolved_historical_source,9
1866,s__1866__sentence_en_meaning_fa__1775591823135.mp3,/Users/seyedbehrangkaboudi/Personal-Local/Projects/NextJS/Anki/public/audio/sentences/s__1866__sentence_en_meaning_fa__1775591823135.mp3,2026-04-07T19:57:03.135Z,I felt queasy after eating too much junk food.,بعد از خوردن غذای ناسالم زیاد، حالت تهوع داشتن کردم.,بعد از خوردن غذای ناسالم زیاد، حالت تهوع داشتن کردم.,,,0,e5b094cac,2026-04-07T20:40:58.735Z,43.9,http://localhost:3000/words/tables/sentences?ids=1866,3,unresolved_historical_source,9
1867,s__1867__sentence_en_meaning_fa__1775591823469.mp3,/Users/seyedbehrangkaboudi/Personal-Local/Projects/NextJS/Anki/public/audio/sentences/s__1867__sentence_en_meaning_fa__1775591823469.mp3,2026-04-07T19:57:03.469Z,She attended a tech convention last weekend.,او آخر هفتهٔ گذشته در یک همایش فناوری شرکت کرد.,او آخر هفتهٔ گذشته در یک همایش فناوری شرکت کرد.,,,0,e5b094cac,2026-04-07T20:40:58.735Z,43.9,http://localhost:3000/words/tables/sentences?ids=1867,3,unresolved_historical_source,9
1868,s__1868__sentence_en_meaning_fa__1775591823764.mp3,/Users/seyedbehrangkaboudi/Personal-Local/Projects/NextJS/Anki/public/audio/sentences/s__1868__sentence_en_meaning_fa__1775591823764.mp3,2026-04-07T19:57:03.764Z,"By convention, guests are greeted at the door.",بر اساس عرف، مهمان‌ها در درب خوش‌آمدگویی می‌شوند.,بر اساس عرف، مهمان‌ها در درب خوش‌آمدگویی می‌شوند.,,,0,e5b094cac,2026-04-07T20:40:58.735Z,43.9,http://localhost:3000/words/tables/sentences?ids=1868,3,unresolved_historical_source,9
1869,s__1869__sentence_en_meaning_fa__1775591824072.mp3,/Users/seyedbehrangkaboudi/Personal-Local/Projects/NextJS/Anki/public/audio/sentences/s__1869__sentence_en_meaning_fa__1775591824072.mp3,2026-04-07T19:57:04.072Z,The countries signed a convention to protect the environment.,کشورها یک قرارداد برای حفاظت از محیط زیست امضا کردند.,کشورها یک قرارداد برای حفاظت از محیط زیست امضا کردند.,,,0,e5b094cac,2026-04-07T20:40:58.735Z,43.9,http://localhost:3000/words/tables/sentences?ids=1869,3,unresolved_historical_source,9
1870,s__1870__sentence_en_meaning_fa__1775591824560.mp3,/Users/seyedbehrangkaboudi/Personal-Local/Projects/NextJS/Anki/public/audio/sentences/s__1870__sentence_en_meaning_fa__1775591824560.mp3,2026-04-07T19:57:04.560Z,He threw the rubbish into the bin outside.,او زباله را داخل سطل بیرون انداخت.,او زباله را داخل سطل بیرون انداخت.,,,0,e5b094cac,2026-04-07T20:40:58.735Z,43.9,http://localhost:3000/words/tables/sentences?ids=1870,3,unresolved_historical_source,9
1871,s__1871__sentence_en_meaning_fa__1775591824857.mp3,/Users/seyedbehrangkaboudi/Personal-Local/Projects/NextJS/Anki/public/audio/sentences/s__1871__sentence_en_meaning_fa__1775591824857.mp3,2026-04-07T19:57:04.857Z,That's complete rubbish and makes no sense.,این کاملاً مزخرف است و هیچ معنایی ندارد.,این کاملاً مزخرف است و هیچ معنایی ندارد.,,,0,e5b094cac,2026-04-07T20:40:58.735Z,43.9,http://localhost:3000/words/tables/sentences?ids=1871,3,unresolved_historical_source,9
1872,s__1872__sentence_en_meaning_fa__1775591825138.mp3,/Users/seyedbehrangkaboudi/Personal-Local/Projects/NextJS/Anki/public/audio/sentences/s__1872__sentence_en_meaning_fa__1775591825138.mp3,2026-04-07T19:57:05.138Z,The animals found sanctuary in the protected forest.,حیوانات در جنگل حفاظت‌شده پناهگاه پیدا کردند.,حیوانات در جنگل حفاظت‌شده پناهگاه پیدا کردند.,,,0,e5b094cac,2026-04-07T20:40:58.735Z,43.9,http://localhost:3000/words/tables/sentences?ids=1872,3,unresolved_historical_source,9
1873,s__1873__sentence_en_meaning_fa__1775591825405.mp3,/Users/seyedbehrangkaboudi/Personal-Local/Projects/NextJS/Anki/public/audio/sentences/s__1873__sentence_en_meaning_fa__1775591825405.mp3,2026-04-07T19:57:05.405Z,They entered the sanctuary of the old temple quietly.,آن‌ها به آرامی وارد مکان مقدس معبد قدیمی شدند.,آن‌ها به آرامی وارد مکان مقدس معبد قدیمی شدند.,,,0,e5b094cac,2026-04-07T20:40:58.735Z,43.9,http://localhost:3000/words/tables/sentences?ids=1873,3,unresolved_historical_source,9
1874,s__1874__sentence_en_meaning_fa__1775591825689.mp3,/Users/seyedbehrangkaboudi/Personal-Local/Projects/NextJS/Anki/public/audio/sentences/s__1874__sentence_en_meaning_fa__1775591825689.mp3,2026-04-07T19:57:05.689Z,"After the workout, his shirt was soaked with perspiration.",پس از تمرین، پیراهن او با تعریق خیس شده بود.,پس از تمرین، پیراهن او با تعریق خیس شده بود.,,,0,e5b094cac,2026-04-07T20:40:58.735Z,43.9,http://localhost:3000/words/tables/sentences?ids=1874,3,unresolved_historical_source,9
1875,s__1875__sentence_en_meaning_fa__1775591825964.mp3,/Users/seyedbehrangkaboudi/Personal-Local/Projects/NextJS/Anki/public/audio/sentences/s__1875__sentence_en_meaning_fa__1775591825964.mp3,2026-04-07T19:57:05.964Z,Blood flows through tiny capillaries in the skin.,خون از طریق مویرگ‌های کوچک در پوست جریان دارد.,خون از طریق مویرگ‌های کوچک در پوست جریان دارد.,,,0,e5b094cac,2026-04-07T20:40:58.735Z,43.9,http://localhost:3000/words/tables/sentences?ids=1875,3,unresolved_historical_source,9
1876,s__1876__sentence_en_meaning_fa__1775591826272.mp3,/Users/seyedbehrangkaboudi/Personal-Local/Projects/NextJS/Anki/public/audio/sentences/s__1876__sentence_en_meaning_fa__1775591826272.mp3,2026-04-07T19:57:06.272Z,He tried to con people out of their money online.,او سعی کرد مردم را به صورت آنلاین کلاه برداری کردن از پولشان.,او سعی کرد مردم را به صورت آنلاین کلاه برداری کردن از پولشان.,,,0,e5b094cac,2026-04-07T20:40:58.735Z,43.9,http://localhost:3000/words/tables/sentences?ids=1876,3,unresolved_historical_source,9
1877,s__1877__sentence_en_meaning_fa__1775591826612.mp3,/Users/seyedbehrangkaboudi/Personal-Local/Projects/NextJS/Anki/public/audio/sentences/s__1877__sentence_en_meaning_fa__1775591826612.mp3,2026-04-07T19:57:06.612Z,The con was arrested after the scam was exposed.,کلاه بردار پس از افشای تقلب دستگیر شد.,کلاه بردار پس از افشای تقلب دستگیر شد.,,,0,e5b094cac,2026-04-07T20:40:58.735Z,43.9,http://localhost:3000/words/tables/sentences?ids=1877,3,unresolved_historical_source,9
1878,s__1878__sentence_en_meaning_fa__1775591826877.mp3,/Users/seyedbehrangkaboudi/Personal-Local/Projects/NextJS/Anki/public/audio/sentences/s__1878__sentence_en_meaning_fa__1775591826877.mp3,2026-04-07T19:57:06.877Z,One con of this plan is the high cost.,یکی از نقطه ضعف‌های این طرح هزینهٔ بالا است.,یکی از نقطه ضعف‌های این طرح هزینهٔ بالا است.,,,0,e5b094cac,2026-04-07T20:40:58.735Z,43.9,http://localhost:3000/words/tables/sentences?ids=1878,3,unresolved_historical_source,9
1879,s__1879__sentence_en_meaning_fa__1775591827238.mp3,/Users/seyedbehrangkaboudi/Personal-Local/Projects/NextJS/Anki/public/audio/sentences/s__1879__sentence_en_meaning_fa__1775591827238.mp3,2026-04-07T19:57:07.238Z,The garden is shaped like a perfect quadrangle.,باغ به شکل یک چهارضلعی کامل است.,باغ به شکل یک چهارضلعی کامل است.,,,0,e5b094cac,2026-04-07T20:40:58.735Z,43.9,http://localhost:3000/words/tables/sentences?ids=1879,3,unresolved_historical_source,9
1880,s__1880__sentence_en_meaning_fa__1775591827472.mp3,/Users/seyedbehrangkaboudi/Personal-Local/Projects/NextJS/Anki/public/audio/sentences/s__1880__sentence_en_meaning_fa__1775591827472.mp3,2026-04-07T19:57:07.472Z,Students gathered in the quadrangle between classes.,دانشجویان بین کلاس‌ها در حیاط چهارگوش جمع شدند.,دانشجویان بین کلاس‌ها در حیاط چهارگوش جمع شدند.,,,0,e5b094cac,2026-04-07T20:40:58.735Z,43.9,http://localhost:3000/words/tables/sentences?ids=1880,3,unresolved_historical_source,9
1881,s__1881__sentence_en_meaning_fa__1775591827830.mp3,/Users/seyedbehrangkaboudi/Personal-Local/Projects/NextJS/Anki/public/audio/sentences/s__1881__sentence_en_meaning_fa__1775591827830.mp3,2026-04-07T19:57:07.830Z,She transcribed the interview from the audio recording.,او مصاحبه را از ضبط صوت به صورت نوشتاری در آورد.,او مصاحبه را از ضبط صوت به صورت نوشتاری در آورد.,,,0,e5b094cac,2026-04-07T20:40:58.735Z,43.8,http://localhost:3000/words/tables/sentences?ids=1881,3,unresolved_historical_source,9
1882,s__1882__sentence_en_meaning_fa__1775591828143.mp3,/Users/seyedbehrangkaboudi/Personal-Local/Projects/NextJS/Anki/public/audio/sentences/s__1882__sentence_en_meaning_fa__1775591828143.mp3,2026-04-07T19:57:08.143Z,The strong wind blew down several trees during the storm.,باد شدید چندین درخت را در طول طوفان با باد افتاد.,باد شدید چندین درخت را در طول طوفان با باد افتاد.,,,0,e5b094cac,2026-04-07T20:40:58.735Z,43.8,http://localhost:3000/words/tables/sentences?ids=1882,3,unresolved_historical_source,9
1883,s__1883__sentence_en_meaning_fa__1775591828729.mp3,/Users/seyedbehrangkaboudi/Personal-Local/Projects/NextJS/Anki/public/audio/sentences/s__1883__sentence_en_meaning_fa__1775591828729.mp3,2026-04-07T19:57:08.729Z,She cut the broccoli into small florets before cooking.,او قبل از پخت، بروکلی را به گلچه‌های کوچک برید.,او قبل از پخت، بروکلی را به گلچه‌های کوچک برید.,,,0,e5b094cac,2026-04-07T20:40:58.735Z,43.8,http://localhost:3000/words/tables/sentences?ids=1883,3,unresolved_historical_source,9
1884,s__1884__sentence_en_meaning_fa__1775591829114.mp3,/Users/seyedbehrangkaboudi/Personal-Local/Projects/NextJS/Anki/public/audio/sentences/s__1884__sentence_en_meaning_fa__1775591829114.mp3,2026-04-07T19:57:09.114Z,They insulated the walls to keep the house warm.,آن‌ها دیوارها را عایق کردند تا خانه گرم بماند.,آن‌ها دیوارها را عایق کردند تا خانه گرم بماند.,,,0,e5b094cac,2026-04-07T20:40:58.735Z,43.8,http://localhost:3000/words/tables/sentences?ids=1884,3,unresolved_historical_source,9
1885,s__1885__sentence_en_meaning_fa__1775591829409.mp3,/Users/seyedbehrangkaboudi/Personal-Local/Projects/NextJS/Anki/public/audio/sentences/s__1885__sentence_en_meaning_fa__1775591829409.mp3,2026-04-07T19:57:09.409Z,The ambulance siren woke everyone in the neighborhood.,آژیر آمبولانس همه را در محله بیدار کرد.,آژیر آمبولانس همه را در محله بیدار کرد.,,,0,e5b094cac,2026-04-07T20:40:58.735Z,43.8,http://localhost:3000/words/tables/sentences?ids=1885,3,unresolved_historical_source,9
1886,s__1886__sentence_en_meaning_fa__1775591829695.mp3,/Users/seyedbehrangkaboudi/Personal-Local/Projects/NextJS/Anki/public/audio/sentences/s__1886__sentence_en_meaning_fa__1775591829695.mp3,2026-04-07T19:57:09.695Z,"In the story, the siren lured sailors toward danger.",در داستان، زن اغواگر دریانوردان را به سوی خطر کشاند.,در داستان، زن اغواگر دریانوردان را به سوی خطر کشاند.,,,0,e5b094cac,2026-04-07T20:40:58.735Z,43.8,http://localhost:3000/words/tables/sentences?ids=1886,3,unresolved_historical_source,9
1887,s__1887__sentence_en_meaning_fa__1775591830057.mp3,/Users/seyedbehrangkaboudi/Personal-Local/Projects/NextJS/Anki/public/audio/sentences/s__1887__sentence_en_meaning_fa__1775591830057.mp3,2026-04-07T19:57:10.057Z,She brought up the issue during the meeting.,او مسئله را در طول جلسه مطرح کرد.,او مسئله را در طول جلسه مطرح کرد.,,,0,e5b094cac,2026-04-07T20:40:58.735Z,43.8,http://localhost:3000/words/tables/sentences?ids=1887,3,unresolved_historical_source,9
1888,s__1888__sentence_en_meaning_fa__1775591830315.mp3,/Users/seyedbehrangkaboudi/Personal-Local/Projects/NextJS/Anki/public/audio/sentences/s__1888__sentence_en_meaning_fa__1775591830315.mp3,2026-04-07T19:57:10.315Z,The drought caused serious damage to the crops this year.,خشکسالی امسال آسیب جدی به محصولات وارد کرد.,خشکسالی امسال آسیب جدی به محصولات وارد کرد.,,,0,e5b094cac,2026-04-07T20:40:58.735Z,43.8,http://localhost:3000/words/tables/sentences?ids=1888,3,unresolved_historical_source,9
2109,s__2109__sentence_en_meaning_fa__1775591830687.mp3,/Users/seyedbehrangkaboudi/Personal-Local/Projects/NextJS/Anki/public/audio/sentences/s__2109__sentence_en_meaning_fa__1775591830687.mp3,2026-04-07T19:57:10.687Z,Green algae covered the surface of the still pond.,جلبک سبز سطح برکهٔ ساکن را پوشاند.,جلبک سبز سطح برکهٔ ساکن را پوشاند.,,,0,e5b094cac,2026-04-07T20:40:58.735Z,43.8,http://localhost:3000/words/tables/sentences?ids=2109,3,unresolved_historical_source,9
2214,s__2214__sentence_en_meaning_fa__1769810024967.mp3,/Users/seyedbehrangkaboudi/Personal-Local/Projects/NextJS/Anki/public/audio/sentences/s__2214__sentence_en_meaning_fa__1769810024967.mp3,2026-01-30T21:53:44.967Z,My shoulder feels sore after the workout.,شانه من بعد از تمرین دردناک است.,شانه من بعد از تمرین دردناک است.,,,0,1828a8857,2026-01-30T23:43:46.865Z,110,http://localhost:3000/words/tables/sentences?ids=2214,3,unresolved_historical_source,9
2254,s__2254__sentence_en_meaning_fa__1769810036642.mp3,/Users/seyedbehrangkaboudi/Personal-Local/Projects/NextJS/Anki/public/audio/sentences/s__2254__sentence_en_meaning_fa__1769810036642.mp3,2026-01-30T21:53:56.642Z,Please do not interfere with how I raise my kids.,لطفا در شیوه بزرگ کردن بچه هایم دخالت نکن.,لطفا در شیوه بزرگ کردن بچه هایم دخالت نکن.,,,0,1828a8857,2026-01-30T23:43:46.865Z,109.8,http://localhost:3000/words/tables/sentences?ids=2254,3,unresolved_historical_source,9
2457,s__2457__sentence_en_meaning_fa__1769810092901.mp3,/Users/seyedbehrangkaboudi/Personal-Local/Projects/NextJS/Anki/public/audio/sentences/s__2457__sentence_en_meaning_fa__1769810092901.mp3,2026-01-30T21:54:52.901Z,Changing this file may alter every product page.,تغییر این فایل ممکن است تمام صفحه های محصول را تغییر دهد.,تغییر این فایل ممکن است تمام صفحه های محصول را تغییر دهد.,,,0,1828a8857,2026-01-30T23:43:46.865Z,108.9,http://localhost:3000/words/tables/sentences?ids=2457,3,unresolved_historical_source,9
2513,s__2513__sentence_en_meaning_fa__1769810112534.mp3,/Users/seyedbehrangkaboudi/Personal-Local/Projects/NextJS/Anki/public/audio/sentences/s__2513__sentence_en_meaning_fa__1769810112534.mp3,2026-01-30T21:55:12.534Z,Her English proficiency helped her get the job.,مهارت انگلیسی او کمک کرد که شغل را بگیرد.,مهارت انگلیسی او کمک کرد که شغل را بگیرد.,,,0,1828a8857,2026-01-30T23:43:46.865Z,108.6,http://localhost:3000/words/tables/sentences?ids=2513,3,unresolved_historical_source,9
2870,s__2870__sentence_en_meaning_fa__1769810235537.mp3,/Users/seyedbehrangkaboudi/Personal-Local/Projects/NextJS/Anki/public/audio/sentences/s__2870__sentence_en_meaning_fa__1769810235537.mp3,2026-01-30T21:57:15.537Z,Sharing that file would violate company policy.,به اشتراک گذاشتن آن فایل، سیاست شرکت را نقض می کند.,به اشتراک گذاشتن آن فایل، سیاست شرکت را نقض می کند.,,,0,1828a8857,2026-01-30T23:43:46.865Z,106.5,http://localhost:3000/words/tables/sentences?ids=2870,3,unresolved_historical_source,9
3031,s__3031__sentence_en_meaning_fa__1769810292298.mp3,/Users/seyedbehrangkaboudi/Personal-Local/Projects/NextJS/Anki/public/audio/sentences/s__3031__sentence_en_meaning_fa__1769810292298.mp3,2026-01-30T21:58:12.298Z,Each independent service can be updated without stopping others.,هر سرویس مستقل می تواند بدون متوقف کردن سرویس های دیگر به روز شود.,هر سرویس مستقل می تواند بدون متوقف کردن سرویس های دیگر به روز شود.,,,0,1828a8857,2026-01-30T23:43:46.865Z,105.6,http://localhost:3000/words/tables/sentences?ids=3031,3,unresolved_historical_source,9
3127,s__3127__sentence_en_meaning_fa__1769810327388.mp3,/Users/seyedbehrangkaboudi/Personal-Local/Projects/NextJS/Anki/public/audio/sentences/s__3127__sentence_en_meaning_fa__1769810327388.mp3,2026-01-30T21:58:47.388Z,I like to hang out with my cousins on weekends.,من دوست دارم آخر هفته ها با پسرعموهایم وقت بگذرانم.,من دوست دارم آخر هفته ها با پسرعموهایم وقت بگذرانم.,,,0,1828a8857,2026-01-30T23:43:46.865Z,105,http://localhost:3000/words/tables/sentences?ids=3127,3,unresolved_historical_source,9
3447,s__3447__sentence_en_meaning_fa__1769810445259.mp3,/Users/seyedbehrangkaboudi/Personal-Local/Projects/NextJS/Anki/public/audio/sentences/s__3447__sentence_en_meaning_fa__1769810445259.mp3,2026-01-30T22:00:45.259Z,The admin and customer areas have distinct layouts.,بخش های مدیر و مشتری چیدمان های متمایزی دارند.,بخش های مدیر و مشتری چیدمان های متمایزی دارند.,,,0,1828a8857,2026-01-30T23:43:46.865Z,103,http://localhost:3000/words/tables/sentences?ids=3447,3,unresolved_historical_source,9
3564,s__3564__sentence_en_meaning_fa__1775601101705.mp3,/Users/seyedbehrangkaboudi/Personal-Local/Projects/NextJS/Anki/public/audio/sentences/s__3564__sentence_en_meaning_fa__1775601101705.mp3,2026-04-07T22:31:41.705Z,They use barley to make bread and beer.,آن‌ها از جو برای درست کردن نان و آبجو استفاده می‌کنند.,آن‌ها از جو برای درست کردن نان و آبجو استفاده می‌کنند.,,,0,69487c5fa,2026-04-08T09:18:40.834Z,647,http://localhost:3000/words/tables/sentences?ids=3564,3,unresolved_historical_source,9
3565,s__3565__sentence_en_meaning_fa__1775601102171.mp3,/Users/seyedbehrangkaboudi/Personal-Local/Projects/NextJS/Anki/public/audio/sentences/s__3565__sentence_en_meaning_fa__1775601102171.mp3,2026-04-07T22:31:42.171Z,I eat oat with milk for breakfast every morning.,من هر صبح برای صبحانه جو دوسر را با شیر می‌خورم.,من هر صبح برای صبحانه جو دوسر را با شیر می‌خورم.,,,0,69487c5fa,2026-04-08T09:18:40.834Z,647,http://localhost:3000/words/tables/sentences?ids=3565,3,unresolved_historical_source,9
